vertical,seed,keyword,avg_monthly_searches,competition,competition_index,low_top_page_bid,high_top_page_bid,intent,affiliate_program,affiliate_note
ai_tools,ai writing tool,ai powered writing assistant,90500,Thấp,0,0.31,21.31,unknown,,
ai_tools,ai writing tool,ai writing tool,74000,Trung bình,37,0.88,19.26,unknown,,
ai_tools,ai writing tool,ai writing tools,74000,Trung bình,37,0.88,19.26,unknown,,
ai_tools,ai writing tool,artificial intelligence writing tools,74000,Trung bình,37,0.88,19.26,unknown,,
ai_tools,ai writing tool,ai writing,40500,Trung bình,44,0.5,11.26,unknown,,
ai_tools,ai writing tool,ai writing assistant,40500,Thấp,9,0.87,15.57,unknown,,
ai_tools,ai writing tool,best ai for writing,9900,Trung bình,56,0.66,7.93,commercial,,
ai_tools,ai image generator,ai graphic generator,8100,Trung bình,63,0.53,5.31,unknown,,
ai_tools,ai writing tool,free ai writer,6600,Trung bình,35,0.39,5.27,unknown,,
ai_tools,ai image generator,ai headshot generator free,6600,Cao,71,0.83,5.0,unknown,,
auto,car accessories,car covers,135000,Cao,100,0.26,7.73,unknown,,
auto,car accessories,gmc accessories,14800,Cao,84,0.95,7.92,unknown,,
auto,car accessories,outdoor car cover,9900,Cao,80,0.62,6.45,unknown,,
auto,car accessories,chevrolet accessories,8100,Trung bình,57,0.9,6.63,unknown,,
auto,car accessories,chevy accessories,8100,Trung bình,56,0.82,6.1,unknown,,
auto,car accessories,ultra car mats,8100,Cao,100,0.63,6.02,unknown,,
auto,car accessories,custom floor mats,6600,Cao,100,0.97,5.92,unknown,,
auto,dash cam,dash cams for trucks,6600,Cao,100,0.85,15.48,unknown,,
auto,car accessories,best car covers,5400,Cao,100,0.46,8.42,commercial,,
baby,diapers,diapers,450000,Cao,94,0.22,5.0,unknown,,
baby,diapers,diapers near me,27100,Cao,100,0.72,5.31,unknown,,
baby,diapers,target diapers,18100,Cao,100,0.63,7.84,unknown,,
baby,diapers,hello bello diapers,12100,Cao,100,0.66,42.66,unknown,,
baby,diapers,huggies snug and dry,12100,Cao,100,0.35,5.0,unknown,,
baby,diapers,overnight diapers,9900,Cao,100,0.42,5.0,unknown,,
baby,diapers,huggies diapers size 1,9900,Cao,100,0.21,5.0,unknown,,
baby,diapers,pampers pure diapers,6600,Cao,100,0.17,5.05,unknown,,
baby,diapers,free diapers,5400,Thấp,28,0.92,6.28,unknown,,
beauty,perfume,oil perfumery,33100,Cao,100,0.65,6.45,unknown,,
beauty,perfume,henry rose perfume,22200,Cao,100,0.36,5.64,unknown,,
beauty,skin care products,obagi skin care,14800,Cao,100,0.73,12.42,unknown,,
beauty,skin care products,proactive skin care,14800,Cao,100,0.5,5.65,unknown,,
beauty,skin care products,best skin care,14800,Cao,88,0.6,5.15,commercial,,
beauty,skin care products,your skin,14800,Thấp,20,0.58,8.89,unknown,,
beauty,skin care products,kiehl's moisturizer,12100,Cao,100,0.4,5.25,unknown,,
beauty,skin care products,bioeffect egf serum,9900,Cao,100,0.47,5.35,unknown,,
beauty,skin care products,fresh skin care,8100,Cao,100,0.41,11.46,unknown,,
beauty,skin care products,skinceuticals lha cleanser,5400,Cao,100,0.94,5.0,unknown,,
crypto,crypto exchange,coin dcx,301000,Thấp,0,0.56,5.13,unknown,,
crypto,crypto exchange,cryptocurrency trading,60500,Thấp,26,0.22,5.28,unknown,,
crypto,crypto exchange,binance cryptocurrency exchange,33100,Thấp,0,0.2,7.22,unknown,,
crypto,crypto exchange,binance crypto exchange,33100,Thấp,0,0.2,7.22,unknown,,
crypto,crypto exchange,crypto trading app,12100,Thấp,20,0.4,7.71,navigational,,
crypto,crypto exchange,crypto trading apps,12100,Thấp,20,0.4,7.71,unknown,,
crypto,crypto exchange,bybit app,8100,Thấp,16,0.4,5.71,navigational,,
crypto,crypto exchange,crypto currency investment,6600,Thấp,26,0.89,9.61,unknown,,
crypto,crypto exchange,mexc app,6600,Thấp,17,0.5,5.62,navigational,,
crypto,crypto exchange,binance fees,6600,Thấp,1,0.71,14.96,unknown,,
crypto,crypto exchange,hotbit,5400,Thấp,3,0.42,6.09,unknown,,
crypto,crypto exchange,decentralized exchange,5400,Thấp,6,0.81,10.03,unknown,,
diy_garden,power tools,core drill,40500,Cao,100,0.65,5.07,unknown,,
diy_garden,power tools,evolution chop saw,6600,Cao,100,0.35,8.99,unknown,,
education,online course platform,online course platform,450000,Thấp,32,0.4,15.15,unknown,,
education,online course platform,online class platform,450000,Thấp,32,0.4,15.15,unknown,,
education,online course platform,course online platform,450000,Thấp,32,0.4,15.15,unknown,,
education,online course platform,online learning platforms,165000,Thấp,3,0.39,10.24,unknown,,
education,online course platform,online education platforms,165000,Thấp,3,0.39,10.24,unknown,,
education,online course platform,online e learning platforms,165000,Thấp,3,0.39,10.24,unknown,,
education,language learning app,learn spanish app,60500,Thấp,14,0.97,6.41,navigational,,
education,language learning app,language learning app,40500,Thấp,5,0.92,7.51,navigational,,
education,language learning app,spanish app,18100,Trung bình,33,0.99,5.83,navigational,,
education,online course platform,mooc coursera,8100,Thấp,3,0.65,16.52,unknown,,
education,language learning app,best language learning,6600,Thấp,11,0.73,6.22,commercial,,
education,language learning app,best app to learn another language,6600,Trung bình,52,0.74,5.49,navigational,,
electronics,gaming laptop,alien ware,450000,Cao,100,0.23,5.36,unknown,,
electronics,robot vacuum,dreame vacuum,40500,Cao,100,0.51,5.0,unknown,,
electronics,gaming laptop,pc laptops,27100,Cao,100,0.4,6.34,unknown,,
electronics,gaming laptop,alienware pc gaming,18100,Cao,100,0.35,5.45,unknown,,
electronics,gaming laptop,alienware computers,5400,Cao,100,0.53,9.62,unknown,,
fashion,handbags,consuela bags,49500,Cao,100,0.23,42.73,unknown,,
fashion,mens watches,wooden watches,22200,Cao,100,0.69,5.13,unknown,,
fashion,handbags,custom bags,12100,Cao,100,0.58,5.46,unknown,,
fashion,handbags,branded tote bags,12100,Cao,100,0.29,11.32,unknown,,
fashion,mens watches,paul rich watches,9900,Trung bình,55,0.47,5.42,unknown,,
fashion,mens watches,engraved watches,9900,Cao,100,0.94,5.0,unknown,,
fashion,mens watches,engraved watches for men,8100,Cao,100,0.97,6.06,unknown,,
fashion,mens watches,personalized watches for men,8100,Cao,100,0.97,6.06,unknown,,
fashion,mens watches,wooden watches for men,6600,Cao,100,0.88,7.92,unknown,,
fashion,sunglasses,custom sunglasses,6600,Cao,100,0.83,6.62,unknown,,
finance,personal loan,personal loan,1220000,Trung bình,53,0.41,18.64,unknown,,
finance,personal loan,instant loans,246000,Trung bình,66,0.32,5.6,unknown,,
finance,personal loan,online loan,246000,Cao,68,0.36,7.54,unknown,,
finance,personal loan,quick loans,165000,Cao,75,0.87,14.48,unknown,,
finance,personal loan,cash loan,110000,Trung bình,67,0.53,9.28,unknown,,
finance,online banking app,chase mobile banking app,110000,Thấp,0,0.95,5.35,navigational,,
finance,online banking app,mobile banking,90500,Thấp,11,0.18,14.28,unknown,,
finance,online banking app,m banking,90500,Thấp,11,0.18,14.28,unknown,,
finance,personal loan,low interest personal loans,74000,Trung bình,45,0.63,21.32,unknown,,
finance,personal loan,bank loan,74000,Trung bình,61,0.59,8.56,unknown,,
finance,personal loan,personal loans with low interest rates,74000,Trung bình,45,0.63,21.32,unknown,,
finance,personal loan,low rate personal loans,74000,Trung bình,45,0.63,21.32,unknown,,
finance,personal loan,fast loans,60500,Cao,75,0.8,12.41,unknown,,
finance,personal loan,easy loans,49500,Cao,70,0.57,10.57,unknown,,
finance,personal loan,personal loans online,40500,Trung bình,60,0.57,17.17,unknown,,
finance,online banking app,mobile banking app,40500,Thấp,5,0.12,10.98,navigational,,
finance,online banking app,capital one bank application,40500,Thấp,5,0.62,6.57,unknown,,
finance,online banking app,mobile banking application,40500,Thấp,5,0.12,10.98,unknown,,
finance,personal loan,fast cash loans,33100,Cao,73,0.82,13.52,unknown,,
finance,personal loan,instant cash loans,33100,Trung bình,66,0.45,10.75,unknown,,
finance,personal loan,low credit score loans,33100,Cao,74,0.38,7.36,unknown,,
finance,personal loan,instant money loan,33100,Trung bình,66,0.45,10.75,unknown,,
finance,personal loan,personal loan bank,33100,Trung bình,64,0.34,8.18,unknown,,
finance,personal loan,quick loans online,27100,Cao,71,0.48,10.8,unknown,,
finance,credit card offers,best cashback credit card,27100,Trung bình,61,0.96,9.04,commercial,,
finance,credit card offers,best cashback cards,27100,Trung bình,61,0.96,9.04,commercial,,
finance,online banking app,banking app,27100,Thấp,29,0.88,16.7,navigational,,
finance,personal loan,quick loans no credit check,22200,Cao,74,0.87,11.56,unknown,,
finance,credit card offers,cashback credit card,22200,Trung bình,47,0.65,7.67,unknown,,
finance,online banking app,digital banking apps,22200,Thấp,0,0.59,18.0,unknown,,
finance,personal loan,apply for personal loan,18100,Cao,71,0.68,19.84,unknown,,
finance,personal loan,credit loan,18100,Trung bình,66,0.36,9.9,unknown,,
finance,personal loan,fast loans online,18100,Cao,71,0.6,10.38,unknown,,
finance,personal loan,fast cash loans online,18100,Cao,71,0.6,10.38,unknown,,
finance,personal loan,best loans,14800,Cao,70,0.77,15.02,commercial,,
finance,personal loan,5000 loan,14800,Cao,71,0.32,11.11,unknown,,
finance,personal loan,10000 loan,14800,Trung bình,65,0.22,8.74,unknown,,
finance,personal loan,hsbc loan,14800,Trung bình,57,0.62,7.1,unknown,,
finance,personal loan,personal loan pre approval,12100,Cao,68,0.46,13.39,unknown,,
finance,personal loan,instant loan approval,12100,Trung bình,64,0.49,10.22,unknown,,
finance,personal loan,apply for a student loan,12100,Trung bình,42,0.6,46.0,unknown,,
finance,personal loan,quick money loans,12100,Cao,71,0.67,11.97,unknown,,
finance,online banking app,us bank app,12100,Thấp,8,0.92,6.66,navigational,,
finance,personal loan,quick personal loans,9900,Cao,74,0.83,27.79,unknown,,
finance,personal loan,hsbc personal loan,9900,Trung bình,52,0.47,7.75,unknown,,
finance,personal loan,easy loans online,9900,Cao,69,0.5,9.12,unknown,,
finance,online banking app,citizens bank app,9900,Thấp,3,0.45,6.13,navigational,,
finance,online banking app,citizens bank mobile app,9900,Thấp,3,0.45,6.13,navigational,,
finance,personal loan,borrow money online,8100,Cao,72,0.65,11.47,unknown,,
finance,personal loan,cash loans online,8100,Trung bình,66,0.4,5.06,unknown,,
finance,personal loan,loans for unemployed,8100,Trung bình,61,0.36,5.11,unknown,,
finance,online banking app,online banking app,8100,Trung bình,54,0.97,27.3,navigational,,
finance,online banking app,online bank application,8100,Trung bình,54,0.97,27.3,unknown,,
finance,personal loan,personal student loans,6600,Trung bình,65,0.15,11.78,unknown,,
finance,personal loan,50000 loan,6600,Cao,68,0.26,9.11,unknown,,
finance,personal loan,20000 loan,6600,Cao,69,0.3,10.94,unknown,,
finance,personal loan,long term loans,6600,Cao,71,0.62,6.5,unknown,,
finance,personal loan,kashable loan,6600,Trung bình,61,0.4,8.35,unknown,,
finance,online banking app,send money from credit card to bank account,6600,Trung bình,41,0.66,8.68,unknown,,
finance,personal loan,easy personal loans,5400,Cao,74,0.55,17.99,unknown,,
finance,personal loan,cheap personal loans,5400,Cao,73,1.0,10.57,unknown,,
finance,personal loan,medical loans,5400,Trung bình,58,0.74,13.61,unknown,,
finance,personal loan,fast loan approval,5400,Cao,72,0.37,5.83,unknown,,
finance,online banking app,chase mobile banking,5400,Thấp,3,0.12,11.73,unknown,,
finance,online banking app,online deposit,5400,Thấp,4,0.72,19.94,unknown,,
forex,forex trading platform,metatrader 5,450000,Thấp,30,0.68,8.88,unknown,,
forex,forex trading platform,meta trader 5,450000,Thấp,30,0.68,8.88,unknown,,
forex,forex trading platform,metatrader 4,110000,Thấp,27,0.72,10.13,unknown,,
forex,forex trading platform,metatrader,110000,Trung bình,37,0.76,10.44,unknown,,
forex,forex trading platform,meta trader,110000,Trung bình,37,0.76,10.44,unknown,,
forex,forex broker,xmbroker,74000,Trung bình,39,0.92,10.56,unknown,,
forex,forex trading platform,c trader,60500,Thấp,24,0.71,8.18,unknown,,
forex,forex trading platform,forex trading platform,40500,Thấp,3,0.49,15.0,unknown,,
forex,forex trading platform,metatrader 5 download,40500,Thấp,20,0.84,8.38,unknown,,
forex,forex trading platform,fx trading platform,40500,Thấp,3,0.49,15.0,unknown,,
forex,forex trading platform,currency trading platforms,40500,Thấp,3,0.49,15.0,unknown,,
forex,forex trading platform,foreign exchange trading platform,40500,Thấp,3,0.49,15.0,unknown,,
forex,forex trading platform,trader platform,40500,Trung bình,50,0.76,17.71,unknown,,
forex,forex broker,exness trading,40500,Thấp,25,0.54,6.35,unknown,,
forex,forex broker,exness trader,40500,Thấp,25,0.54,6.35,unknown,,
forex,forex trading platform,metatrader 4 download,33100,Thấp,23,1.0,10.65,unknown,,
forex,forex broker,exness broker,33100,Trung bình,41,0.67,9.47,unknown,,
forex,forex trading platform,demo trade account,22200,Trung bình,49,0.22,5.92,unknown,,
forex,forex broker,iforex,22200,Thấp,13,0.98,8.36,unknown,,
forex,cfd trading,cfds on gold,18100,Thấp,1,0.9,9.11,unknown,,
forex,forex trading platform,best forex trading platform,12100,Thấp,14,0.83,15.0,commercial,,
forex,forex trading platform,best forex trading app,12100,Trung bình,40,0.58,5.07,navigational,,
forex,forex trading platform,best currency trading app,12100,Trung bình,40,0.58,5.07,navigational,,
forex,forex trading platform,best currency trading platform,12100,Thấp,14,0.83,15.0,commercial,,
forex,forex trading platform,exness mt5,9900,Thấp,12,0.91,9.98,unknown,,
forex,forex trading platform,meta trader 4,8100,Trung bình,40,0.67,9.0,unknown,,
forex,forex trading platform,metatrader 4 download pc,8100,Thấp,19,0.92,7.44,unknown,,
forex,forex trading platform,metatrader 5 web,8100,Thấp,30,0.52,5.57,unknown,,
forex,forex trading platform,webtrader,6600,Trung bình,38,0.72,5.86,unknown,,
forex,cfd trading,gold cfd,6600,Thấp,6,0.78,8.35,unknown,,
forex,forex broker,xm forex,5400,Thấp,31,0.96,16.89,unknown,,
forex,forex broker,hfm forex,5400,Trung bình,35,0.51,13.56,unknown,,
health_sports,home gym equipment,smart home gym,14800,Cao,100,0.57,5.41,unknown,,
health_sports,home gym equipment,best home gym,9900,Cao,100,0.62,5.51,commercial,,
health_sports,home gym equipment,fitness equipment near me,9900,Cao,92,0.66,5.88,unknown,,
health_sports,home gym equipment,home gym floor,9900,Cao,100,0.89,5.86,unknown,,
health_sports,protein powder,perfect amino powder,6600,Cao,100,0.62,38.28,unknown,,
health_sports,protein powder,pregnancy safe protein powder,6600,Cao,100,0.47,8.02,unknown,,
health_sports,home gym equipment,commercial exercise equipment,6600,Cao,100,0.69,7.82,unknown,,
health_sports,protein powder,ancient nutrition bone broth protein,5400,Cao,97,0.4,5.08,unknown,,
home_kitchen,mattress,mattress,1220000,Cao,100,0.21,6.24,unknown,,
home_kitchen,mattress,king size mattress,246000,Cao,100,0.84,5.03,unknown,,
home_kitchen,mattress,memory foam mattress,201000,Cao,100,0.54,5.74,unknown,,
home_kitchen,espresso machine,nespresso vertuo plus,49500,Cao,100,0.39,10.56,unknown,,
home_kitchen,espresso machine,vertuo plus nespresso,49500,Cao,100,0.39,10.56,unknown,,
home_kitchen,mattress,luxury mattress,49500,Thấp,31,0.86,8.79,unknown,,
home_kitchen,mattress,medium firm mattress,33100,Cao,100,0.85,5.68,unknown,,
home_kitchen,mattress,mattress online,27100,Cao,100,0.18,5.07,unknown,,
home_kitchen,mattress,leesa mattress,22200,Cao,100,0.56,8.04,unknown,,
home_kitchen,mattress,best mattress brands,22200,Cao,100,0.41,6.62,commercial,,
home_kitchen,mattress,chilipad,22200,Cao,100,0.69,6.51,unknown,,
home_kitchen,mattress,good mattress brands,22200,Cao,100,0.41,6.62,unknown,,
home_kitchen,espresso machine,coffee machines for offices,14800,Cao,100,0.18,6.35,unknown,,
home_kitchen,espresso machine,nespresso vertuo coffee pods,14800,Trung bình,49,0.25,6.15,unknown,,
home_kitchen,mattress,serta perfect sleeper,14800,Cao,100,0.88,5.13,unknown,,
home_kitchen,mattress,queen memory foam mattress,14800,Cao,100,0.96,5.94,unknown,,
home_kitchen,mattress,king bed mattress,14800,Cao,100,0.85,5.25,unknown,,
home_kitchen,mattress,firm mattress for back pain,12100,Cao,100,0.53,5.38,unknown,,
home_kitchen,mattress,kids mattress,12100,Cao,100,0.55,6.53,unknown,,
home_kitchen,espresso machine,vertuo plus,9900,Cao,100,0.43,9.23,unknown,,
home_kitchen,mattress,allswell mattress,9900,Cao,100,0.38,5.99,unknown,,
home_kitchen,mattress,top mattresses,9900,Cao,100,0.47,6.83,unknown,,
home_kitchen,mattress,mattress companies,9900,Cao,100,0.32,8.0,unknown,,
home_kitchen,mattress,lucid mattress,8100,Cao,100,0.48,5.51,unknown,,
home_kitchen,espresso machine,professional coffee machine,6600,Cao,100,0.57,5.68,unknown,,
home_kitchen,mattress,buy mattress,6600,Cao,100,0.49,7.0,transactional,,
home_kitchen,mattress,plush mattress,6600,Cao,100,0.94,5.94,unknown,,
home_kitchen,mattress,vispring mattress,6600,Cao,100,0.97,5.75,unknown,,
home_kitchen,mattress,mattress world,6600,Cao,100,0.75,5.67,unknown,,
home_kitchen,espresso machine,breville nespresso,5400,Cao,100,0.29,5.42,unknown,,
home_kitchen,espresso machine,nespresso vertuo plus deluxe,5400,Cao,100,0.53,10.95,unknown,,
home_kitchen,mattress,bed in a box queen,5400,Cao,100,0.74,5.74,unknown,,
home_kitchen,mattress,top mattress brands,5400,Cao,100,0.55,6.86,unknown,,
home_kitchen,mattress,good mattress,5400,Cao,100,0.79,6.57,unknown,,
hosting,vps hosting,vps,368000,Trung bình,49,0.77,5.6,unknown,,
hosting,vps hosting,virtual private server,368000,Trung bình,49,0.77,5.6,unknown,,
hosting,vps hosting,vps provider,368000,Trung bình,49,0.77,5.6,unknown,,
hosting,web hosting,web hosting,246000,Thấp,11,0.87,13.51,unknown,,
hosting,web hosting,website hosting,246000,Thấp,11,0.87,13.51,navigational,,
hosting,domain registration,domain registration,246000,Thấp,8,0.84,11.99,unknown,,
hosting,domain registration,register internet domain,246000,Thấp,8,0.84,11.99,unknown,,
hosting,domain registration,buy domain,110000,Cao,74,0.81,13.02,transactional,,
hosting,domain registration,buy at domain,110000,Cao,74,0.81,13.02,transactional,,
hosting,web hosting,web hosting wordpress,74000,Thấp,20,0.88,15.47,unknown,,
hosting,web hosting,wordpress site hosting,74000,Thấp,20,0.88,15.47,unknown,,
hosting,web hosting,wordpress domain hosting,74000,Thấp,20,0.88,15.47,unknown,,
hosting,web hosting,free website hosting,60500,Trung bình,58,0.46,5.83,navigational,,
hosting,web hosting,free web hosting,60500,Trung bình,58,0.46,5.83,unknown,,
hosting,web hosting,free hosting sites,60500,Trung bình,58,0.46,5.83,unknown,,
hosting,vps hosting,vps hosting,49500,Trung bình,54,0.85,6.79,unknown,,
hosting,vps hosting,vps web hosting,49500,Trung bình,54,0.85,6.79,unknown,,
hosting,vps hosting,vps virtual private server,49500,Trung bình,54,0.85,6.79,unknown,,
hosting,vps hosting,vps website hosting,49500,Trung bình,54,0.85,6.79,navigational,,
hosting,domain registration,cheap domain,49500,Cao,72,0.87,12.89,unknown,,
hosting,domain registration,cheap in domain,49500,Cao,72,0.87,12.89,unknown,,
hosting,web hosting,website domain,40500,Trung bình,59,0.67,17.13,navigational,,
hosting,vps hosting,hetzner vps,40500,Trung bình,51,0.92,5.79,unknown,,
hosting,web hosting,vps hosting free,33100,Trung bình,57,0.56,5.43,unknown,,
hosting,vps hosting,free vps,33100,Trung bình,57,0.56,5.43,unknown,,
hosting,vps hosting,vps server,33100,Trung bình,64,0.9,7.34,unknown,,
hosting,vps hosting,free vps server,33100,Trung bình,57,0.56,5.43,unknown,,
hosting,vps hosting,vps serveriai,33100,Trung bình,64,0.9,7.34,unknown,,
hosting,vps hosting,free vps provider,33100,Trung bình,57,0.56,5.43,unknown,,
hosting,domain registration,domain purchase,33100,Cao,77,0.47,10.52,unknown,,
hosting,web hosting,shared hosting,27100,Thấp,16,0.48,6.19,unknown,,
hosting,web hosting,cheap vps hosting,27100,Trung bình,62,0.95,6.96,unknown,,
hosting,web hosting,shared web hosting,27100,Thấp,16,0.48,6.19,unknown,,
hosting,vps hosting,cheap vps,27100,Trung bình,62,0.95,6.96,unknown,,
hosting,vps hosting,cheap vps server,27100,Trung bình,62,0.95,6.96,unknown,,
hosting,vps hosting,affordable vps,27100,Trung bình,62,0.95,6.96,unknown,,
hosting,vps hosting,cheap vps providers,27100,Trung bình,62,0.95,6.96,unknown,,
hosting,domain registration,com domain registration,27100,Thấp,11,0.67,7.86,unknown,,
hosting,domain registration,register a com domain name,27100,Thấp,11,0.67,7.86,unknown,,
hosting,web hosting,web hosting services,22200,Thấp,30,0.95,15.65,unknown,,
hosting,web hosting,website hosting services,22200,Thấp,30,0.95,15.65,navigational,,
hosting,web hosting,cloud hosting,22200,Trung bình,43,0.47,5.84,unknown,,
hosting,web hosting,hostinger website builder,22200,Trung bình,46,0.23,7.49,navigational,,
hosting,web hosting,cloud web hosting,22200,Trung bình,43,0.47,5.84,unknown,,
hosting,vps hosting,contabo vps,22200,Trung bình,56,0.66,7.36,unknown,,
hosting,web hosting,domain hosting,18100,Trung bình,57,0.54,10.92,unknown,,
hosting,web hosting,web hosting and domain,18100,Trung bình,57,0.54,10.92,unknown,,
hosting,web hosting,website hosting and domain,18100,Trung bình,57,0.54,10.92,navigational,,
hosting,web hosting,free domain hosting,14800,Trung bình,63,0.34,6.1,unknown,,
hosting,web hosting,free domain name and hosting,14800,Trung bình,63,0.34,6.1,unknown,,
hosting,web hosting,free website hosting and domain,14800,Trung bình,63,0.34,6.1,navigational,,
hosting,web hosting,free web hosting and domain,14800,Trung bình,63,0.34,6.1,unknown,,
hosting,web hosting,web names,14800,Thấp,28,0.36,9.35,unknown,,
hosting,web hosting,server host,14800,Trung bình,47,0.81,9.0,unknown,,
hosting,vps hosting,vps digital ocean,14800,Thấp,29,0.94,7.0,unknown,,
hosting,web hosting,godaddy hosting,12100,Trung bình,64,0.49,6.0,unknown,,
hosting,domain registration,cloudflare domain registration,12100,Trung bình,34,0.96,7.96,unknown,,
hosting,web hosting,hosting sites,9900,Trung bình,44,0.82,11.76,unknown,,
hosting,web hosting,host site,9900,Trung bình,44,0.82,11.76,unknown,,
hosting,web hosting,website hosting sites,9900,Trung bình,44,0.82,11.76,navigational,,
hosting,vps hosting,cloud vps,9900,Trung bình,48,0.75,5.92,unknown,,
hosting,vps hosting,cloud vps hosting,9900,Trung bình,48,0.75,5.92,unknown,,
hosting,vps hosting,vps server cloud,9900,Trung bình,48,0.75,5.92,unknown,,
hosting,vps hosting,cloud vps providers,9900,Trung bình,48,0.75,5.92,unknown,,
hosting,web hosting,godaddy web hosting,8100,Thấp,10,0.72,7.37,unknown,,
hosting,vps hosting,vultr vps,8100,Trung bình,57,0.53,6.38,unknown,,
hosting,domain registration,domain owner lookup,8100,Trung bình,44,0.4,5.15,unknown,,
hosting,domain registration,domain name owner lookup,8100,Trung bình,44,0.4,5.15,unknown,,
hosting,web hosting,aws hosting,6600,Trung bình,48,0.61,6.54,unknown,,
hosting,web hosting,google host,6600,Trung bình,51,0.93,10.82,unknown,,
hosting,web hosting,aws web hosting,6600,Trung bình,48,0.61,6.54,unknown,,
hosting,web hosting,amazon hosting,6600,Trung bình,37,0.55,6.26,unknown,,
hosting,web hosting,amazon web hosting,6600,Trung bình,37,0.55,6.26,unknown,,
hosting,web hosting,free html hosting,6600,Trung bình,40,0.56,5.33,unknown,,
hosting,web hosting,server hosting services,6600,Trung bình,41,0.58,7.71,unknown,,
hosting,vps hosting,oracle vps,6600,Trung bình,39,0.8,5.84,unknown,,
hosting,vps hosting,pq hosting,6600,Thấp,17,0.98,5.36,unknown,,
hosting,domain registration,domain registration lookup,6600,Trung bình,53,0.93,8.19,unknown,,
hosting,domain registration,domain name registration lookup,6600,Trung bình,53,0.93,8.19,unknown,,
hosting,domain registration,cloudflare buy domain,6600,Trung bình,43,0.9,8.33,transactional,,
hosting,domain registration,domain registration search,6600,Trung bình,53,0.93,8.19,unknown,,
hosting,web hosting,linux hosting,5400,Thấp,30,0.69,6.08,unknown,,
hosting,web hosting,domains cheap,5400,Cao,71,0.98,10.69,unknown,,
hosting,web hosting,ovh web hosting,5400,Trung bình,44,0.68,5.23,unknown,,
hosting,domain registration,google domain search,5400,Trung bình,66,0.59,13.43,unknown,,
hosting,domain registration,google domains lookup,5400,Trung bình,66,0.59,13.43,unknown,,
insurance,travel insurance,etiqa travel insurance,49500,Trung bình,60,0.57,5.98,unknown,,
insurance,travel insurance,axa travel insurance,33100,Trung bình,62,0.95,5.52,unknown,,
insurance,car insurance quotes,car insurance price,22200,Trung bình,60,0.47,11.7,transactional,,
insurance,travel insurance,rac travel insurance,12100,Trung bình,66,0.73,8.28,unknown,,
pets,dog food,flea treatment for dogs,135000,Cao,100,0.81,6.19,unknown,,
pets,dog food,puppy food,90500,Cao,100,0.76,8.0,unknown,,
pets,dog food,badlands ranch dog food,60500,Cao,100,0.54,6.04,unknown,,
pets,dog food,homemade dog food,27100,Cao,100,0.26,5.21,unknown,,
pets,cat litter box,unscented cat litter,18100,Cao,98,0.72,6.0,unknown,,
pets,dog food,fish for dogs,14800,Cao,100,0.7,40.77,unknown,,
pets,dog food,stella and chewy dog food,12100,Cao,100,0.5,5.0,unknown,,
pets,dog food,maev dog food,12100,Cao,100,0.92,8.2,unknown,,
pets,dog food,royal canin hydrolyzed protein,9900,Cao,100,0.86,5.51,unknown,,
pets,dog food,forthglade dog food,9900,Cao,100,0.66,6.01,unknown,,
pets,dog food,purina pro plan large breed puppy,9900,Cao,100,0.88,12.69,unknown,,
pets,dog food,blue diamond dog food,9900,Cao,100,0.67,6.68,unknown,,
pets,dog food,natures menu dog food,8100,Cao,100,0.8,6.46,unknown,,
pets,dog food,greenies dental treats,8100,Cao,100,0.53,5.79,unknown,,
pets,dog food,cheap dog food,8100,Cao,100,0.57,5.77,unknown,,
pets,cat litter box,robot cat litter box,6600,Cao,100,0.86,5.29,unknown,,
pets,dog food,purina pro plan small breed,5400,Cao,100,0.99,9.8,unknown,,
saas_crm,crm software,best free crm software,450000,Trung bình,36,0.68,29.72,commercial,,
saas_crm,crm software,crm software,301000,Thấp,12,0.78,19.88,unknown,,
saas_crm,crm software,customer relationship management software,301000,Thấp,12,0.78,19.88,unknown,,
saas_crm,crm software,customer management software,301000,Thấp,12,0.78,19.88,unknown,,
saas_crm,crm software,crm management software,301000,Thấp,12,0.78,19.88,unknown,,
saas_crm,crm software,relationship management software,301000,Thấp,12,0.78,19.88,unknown,,
saas_crm,crm software,zoho creator,74000,Thấp,7,0.7,9.93,unknown,,
saas_crm,crm software,crm tool,49500,Trung bình,44,0.52,14.58,unknown,,
saas_crm,crm software,salesforce crm software,33100,Thấp,1,0.81,13.4,unknown,,
saas_crm,crm software,odoo crm,22200,Trung bình,39,0.85,8.24,unknown,,
saas_crm,crm software,recruitment crm,18100,Trung bình,34,0.94,32.01,unknown,,
saas_crm,crm software,recruitment crm systems,18100,Trung bình,34,0.94,32.01,unknown,,
saas_crm,crm software,crm recruitment,18100,Trung bình,34,0.94,32.01,unknown,,
saas_crm,crm software,crm marketing,14800,Trung bình,35,0.92,11.35,unknown,,
saas_crm,crm software,zoho crm pricing,14800,Thấp,14,0.59,11.82,transactional,,
saas_crm,email marketing software,email marketing tools,14800,Trung bình,38,0.67,18.77,unknown,,
saas_crm,crm software,bitrix24 crm,6600,Trung bình,45,0.5,8.57,unknown,,
saas_crm,crm software,zoho software,6600,Trung bình,39,0.43,7.18,unknown,,
saas_crm,crm software,erp crm,5400,Thấp,32,0.71,7.95,unknown,,
saas_design,website builder,website builder,368000,Thấp,19,0.88,17.82,navigational,,
saas_design,website builder,web builder,368000,Thấp,19,0.88,17.82,unknown,,
saas_design,website builder,web page builder,368000,Thấp,19,0.88,17.82,unknown,,
saas_design,website builder,carrd,368000,Thấp,20,0.34,7.08,unknown,,
saas_design,website builder,wix website builder,301000,Thấp,6,0.65,12.99,navigational,,
saas_design,website builder,free website builder,110000,Trung bình,54,0.43,12.07,navigational,,
saas_design,website builder,wix website,110000,Trung bình,51,0.5,9.2,navigational,,
saas_design,website builder,ai website builder,110000,Trung bình,62,0.78,14.96,navigational,,
saas_design,website builder,ai website creator,110000,Trung bình,62,0.78,14.96,navigational,,
saas_design,website builder,free site builder,110000,Trung bình,54,0.43,12.07,unknown,,
saas_design,website builder,free site maker,110000,Trung bình,54,0.43,12.07,unknown,,
saas_design,website builder,website maker,90500,Trung bình,64,0.5,10.54,navigational,,
saas_design,website builder,website designer,90500,Thấp,27,0.88,16.25,navigational,,
saas_design,website builder,web maker,90500,Trung bình,64,0.5,10.54,unknown,,
saas_design,website builder,website building sites,90500,Trung bình,64,0.5,10.54,navigational,,
saas_design,website builder,websites to make websites,90500,Trung bình,64,0.5,10.54,unknown,,
saas_design,website builder,free website hosting,60500,Trung bình,58,0.46,5.83,navigational,,
saas_design,graphic design software,graphic design software,33100,Thấp,10,0.47,9.73,unknown,,
saas_design,graphic design software,graphic design programs,33100,Thấp,10,0.47,9.73,unknown,,
saas_design,graphic design software,graphic art software,33100,Thấp,10,0.47,9.73,unknown,,
saas_design,graphic design software,graphic design computer programs,33100,Thấp,10,0.47,9.73,unknown,,
saas_design,graphic design software,graphics and design programs,33100,Thấp,10,0.47,9.73,unknown,,
saas_design,graphic design software,adobe photoshop graphic design,27100,Thấp,2,0.31,93.6,unknown,,
saas_design,website builder,ai website builder free,22200,Cao,72,0.33,9.53,navigational,,
saas_design,website builder,hostinger website builder,22200,Trung bình,46,0.23,7.49,navigational,,
saas_design,website builder,free website maker,18100,Cao,68,0.43,9.87,navigational,,
saas_design,website builder,wordpress website builder,18100,Thấp,21,0.73,14.0,navigational,,
saas_design,website builder,free ai website builder,18100,Cao,71,0.41,10.27,navigational,,
saas_design,website builder,canva website builder,18100,Thấp,28,0.46,12.0,navigational,,
saas_design,website builder,free web builder,18100,Cao,68,0.43,9.87,unknown,,
saas_design,website builder,google sites website builder,14800,Thấp,3,0.61,9.06,navigational,,
saas_design,website builder,wix domain,14800,Trung bình,34,0.97,7.03,unknown,,
saas_design,website builder,wix adi,14800,Trung bình,59,0.27,7.04,unknown,,
saas_design,website builder,best free website builder,12100,Trung bình,65,0.79,10.99,navigational,,
saas_design,website builder,ai website maker,12100,Trung bình,65,0.92,13.19,navigational,,
saas_design,website builder,best free website creator,12100,Trung bình,65,0.79,10.99,navigational,,
saas_design,website builder,mywebsite,12100,Trung bình,35,0.19,6.26,unknown,,
saas_design,website builder,top free website builders,12100,Trung bình,65,0.79,10.99,navigational,,
saas_design,website builder,website builder near me,9900,Trung bình,44,0.81,29.9,navigational,,
saas_design,website builder,wix free website,9900,Trung bình,56,0.6,8.2,navigational,,
saas_design,website builder,web design companies near me,9900,Thấp,10,0.66,18.0,unknown,,
saas_design,website builder,website design company near me,9900,Thấp,10,0.66,18.0,navigational,,
saas_design,website builder,ecommerce website builder,6600,Trung bình,38,0.57,15.67,navigational,,
saas_design,website builder,website editor,6600,Thấp,20,0.47,8.16,navigational,,
saas_design,website builder,wordpress site builder,6600,Thấp,15,0.62,7.0,unknown,,
saas_design,website builder,wordpress page builder,6600,Thấp,15,0.62,7.0,unknown,,
saas_design,website builder,wix free website builder,6600,Thấp,12,0.88,9.06,navigational,,
saas_design,website builder,wix app,6600,Thấp,12,0.38,6.55,navigational,,
saas_design,website builder,free website creator,5400,Cao,70,0.48,11.26,navigational,,
saas_design,website builder,free website builder and domain,5400,Cao,70,0.4,13.29,navigational,,
saas_design,website builder,durable ai website builder,5400,Trung bình,55,0.24,7.13,navigational,,
saas_design,website builder,online website builder,5400,Trung bình,60,0.34,7.83,navigational,,
saas_design,website builder,online website maker,5400,Trung bình,60,0.34,7.83,navigational,,
saas_design,website builder,website maker free domain,5400,Cao,70,0.4,13.29,navigational,,
saas_design,website builder,free website maker with free domain,5400,Cao,70,0.4,13.29,navigational,,
saas_design,website builder,free domain website builder,5400,Cao,70,0.4,13.29,navigational,,
saas_design,website builder,online website creator,5400,Trung bình,60,0.34,7.83,navigational,,
saas_design,graphic design software,adobe illustrator vector art,5400,Thấp,3,0.88,6.26,unknown,,
saas_design,graphic design software,adobe vector illustrator,5400,Thấp,3,0.88,6.26,unknown,,
